nombre,ap_paterno,ap_materno,email,contra
Crysta,Tredger,Braga,cbraga0@mtv.com,4Bnpgyd6W3
Cletus,Grzelak,Backhurst,cbackhurst1@alexa.com,4niYZvPP
Patrizius,Gatesman,Ovenden,povenden2@nhs.uk,odmCiItAob
Odilia,MacClenan,Cayford,ocayford3@npr.org,z6KdO4IiBzS
Dorey,Roistone,Adolthine,dadolthine4@seesaa.net,HwZC4k
Helenelizabeth,Casbon,Capron,hcapron5@usa.gov,yyx2xQfAqjn1
Ely,Mitchelson,MacLoughlin,emacloughlin6@yelp.com,fZgCfSQ
Elbertine,Ravenscraft,Messam,emessam7@stumbleupon.com,nP4Lrr
Richy,Houdmont,Hannant,rhannant8@alexa.com,eXdBbIeaU
Vassili,Parlot,Creber,vcreber9@joomla.org,BqKGLd
Deirdre,Beverage,Axcell,daxcella@qq.com,1uqStnsqdzi
Izabel,Wheeliker,Pettinger,ipettingerb@narod.ru,W2SM22V7AvDG
Harmon,Jacobsohn,Postgate,hpostgatec@fda.gov,je8qDXk
Zachariah,Matthews,Marriot,zmarriotd@bbb.org,PUdKWw
Sal,Powis,Farmer,sfarmere@linkedin.com,Giiwin
Sandy,Tunn,Roath,sroathf@themeforest.net,SJHyHgJogSA
Emanuel,Purdy,Kensy,ekensyg@nsw.gov.au,idZOtzE
Saree,Crickmer,Shephard,sshephardh@businessweek.com,GrJnWLbFd
Dalton,Frary,Feltoe,dfeltoei@histats.com,6rie3Las
Rowena,Leap,Brandsen,rbrandsenj@aboutads.info,l8jgbei
Marya,Pett,Cuniam,mcuniamk@newsvine.com,n8dwKDYwdpN
Deane,Arch,Knee,dkneel@360.cn,BY5HIzKkNA
Edith,Stollenwerck,Marling,emarlingm@state.tx.us,o0IHWzi
Stephen,Jolliffe,Rockcliff,srockcliffn@harvard.edu,dV5A2rTU
Georgina,Briztman,Lomax,glomaxo@myspace.com,ZaFLyEh
Selinda,Court,O'Conor,soconorp@sphinn.com,07nRoR
Luke,Podmore,Gyles,lgylesq@google.com.hk,89JIRSfsMx0
Barde,Crumbie,Pirazzi,bpirazzir@nymag.com,8n3qgERt
Gannie,Servis,Duplan,gduplans@admin.ch,19IxV6VJQtM
Ferd,Crenage,Rahlof,frahloft@oaic.gov.au,9j9DeMLit0Qt
Carney,Larcher,Heimann,cheimannu@scribd.com,KyWVSzMIiVa
Kaile,Burberow,Meeny,kmeenyv@networksolutions.com,oa4YUKreLsVb
Edlin,Sherel,Creeber,ecreeberw@indiegogo.com,bvEYcAYt
Elladine,Breagan,Splaven,esplavenx@livejournal.com,GJy38X
Rob,Gargett,Shawel,rshawely@sun.com,RhDNzdf
Ellary,Garrod,Tyt,etytz@dailymail.co.uk,mTRA31SQU2g
Steffane,Pittendreigh,Durrell,sdurrell10@marketwatch.com,tTmiMJhMESMp
Karen,Tregidga,Pitsall,kpitsall11@go.com,LLNGJGs
Coretta,Atto,Poulston,cpoulston12@cnbc.com,TAMN7wJZ
Mano,Boatswain,Kunes,mkunes13@macromedia.com,64pad2Nx52zn
Thedric,Winfrey,McGenn,tmcgenn14@technorati.com,DQo46j9
Malanie,Sidden,Daverin,mdaverin15@jalbum.net,TihV7bHLW
Ringo,Adan,Kirkham,rkirkham16@techcrunch.com,OIbjNx
Catherina,Lyven,Eggar,ceggar17@4shared.com,vwEpuVQT5gXD
Noni,Weild,Ayscough,nayscough18@bigcartel.com,jHpODCAK
Sher,Cann,Stych,sstych19@1und1.de,WIPhAh8You1
Yulma,Hatje,Shulem,yshulem1a@hugedomains.com,l1wFhOE
Inessa,Baudassi,Lacotte,ilacotte1b@cpanel.net,AyBDw2j0
Derby,Piotrowski,Schulkins,dschulkins1c@nih.gov,B4a3Ny
Britt,Aingell,Doodney,bdoodney1d@wikia.com,jsn8NjYyY
